{
  "controller/BaseController.js": 1604952227415,
  "Component.js": 1604952227415,
  "controller/Worklist.controller.js": 1604952227419,
  "controller/Object.controller.js": 1604952227419,
  "controller/NotFound.controller.js": 1604952227419,
  "controller/ErrorHandler.js": 1604952227415,
  "i18n/i18n.properties": 1604952227419,
  "controller/App.controller.js": 1604952227415,
  "model/models.js": 1604952227427,
  "model/formatter.js": 1604952227427,
  "manifest.json": 1604952280758,
  "manifest-bundle.zip": 1604952280767,
  "Component-preload.js": 1604952280997,
  "model/formatter-dbg.js": 1604952227427,
  "model/models-dbg.js": 1604952227427,
  "controller/Worklist-dbg.controller.js": 1604952227419,
  "controller/Object-dbg.controller.js": 1604952227419,
  "controller/NotFound-dbg.controller.js": 1604952227419,
  "controller/ErrorHandler-dbg.js": 1604952227415,
  "controller/BaseController-dbg.js": 1604952227415,
  "controller/App-dbg.controller.js": 1604952227415,
  "Component-dbg.js": 1604952227415,
  "view/Worklist.view.xml": 1604952227459,
  "view/ObjectNotFound.view.xml": 1604952227459,
  "view/Object.view.xml": 1604952227459,
  "view/NotFound.view.xml": 1604952227455,
  "view/App.view.xml": 1604952227455,
  "test.html": 1604952227455,
  "index.html": 1604952227423
}